repo_path,project,analysis_type,version_family,version,original_path,duplicate_copies,summary
cryptic_mRNA/01_preprocessing/00_build_cnt.py,cryptic_mRNA,01_preprocessing,,,cryptic_mRNA/model/STMN2_CE_MD_Unity/scripts/00_build_cnt.py,,"00_build_cnt.py  —  Build the (n,m) SWCNT, periodic along z, and emit:"
cryptic_mRNA/01_preprocessing/01_build_oligos.sh,cryptic_mRNA,01_preprocessing,,,cryptic_mRNA/model/STMN2_CE_MD_Unity/scripts/01_build_oligos.sh,,01_build_oligos.sh — build the STMN2-CE sensor nucleic acids with AmberTools
cryptic_mRNA/01_preprocessing/02_assemble_system.py,cryptic_mRNA,01_preprocessing,,,cryptic_mRNA/model/STMN2_CE_MD_Unity/scripts/02_assemble_system.py,,"02_assemble_system.py — place the sensor next to the frozen (9,4) tube and emit"
cryptic_mRNA/01_preprocessing/03_solvate_ions.sh,cryptic_mRNA,01_preprocessing,,,cryptic_mRNA/model/STMN2_CE_MD_Unity/scripts/03_solvate_ions.sh,,"03_solvate_ions.sh <hyb|unhyb> — CHARMM36 topology for the nucleic acids,"
cryptic_mRNA/01_preprocessing/04_make_index.sh,cryptic_mRNA,01_preprocessing,,,cryptic_mRNA/model/STMN2_CE_MD_Unity/scripts/04_make_index.sh,,04_make_index.sh <hyb|unhyb> — build index groups used by the .mdp files and
cryptic_mRNA/01_preprocessing/amber2charmm_names.py,cryptic_mRNA,01_preprocessing,,,cryptic_mRNA/model/STMN2_CE_MD_Unity/scripts/amber2charmm_names.py,,amber2charmm_names.py  —  translate an Amber-named nucleic-acid PDB into names
cryptic_mRNA/01_preprocessing/archive_results.py,cryptic_mRNA,01_preprocessing,,,cryptic_mRNA/model/STMN2_SWCNT_pipeline/scripts/archive_results.py,cryptic_mRNA/model/STMN2_SWCNT_pipeline/STMN2_SWCNT_production_analysis_20260625/code/archive_results.py | cryptic_mRNA/model/STMN2_SWCNT_pipeline/STMN2_SWCNT_production_analysis_20260626/code/archive_results.py,"Timestamped archive (§21): code, config, provenance, result tables, figures,"
cryptic_mRNA/01_preprocessing/buildProject.sh,cryptic_mRNA,01_preprocessing,,,cryptic_mRNA/model/STMN2_SWCNT_pipeline/tools/MELTING5.2.0/buildProject.sh,,
cryptic_mRNA/01_preprocessing/build_structures.py,cryptic_mRNA,01_preprocessing,,,cryptic_mRNA/model/STMN2_SWCNT_pipeline/scripts/build_structures.py,cryptic_mRNA/model/STMN2_SWCNT_pipeline/STMN2_SWCNT_production_analysis_20260625/code/build_structures.py | cryptic_mRNA/model/STMN2_SWCNT_pipeline/STMN2_SWCNT_production_analysis_20260626/code/build_structures.py,"Conceptual full-sensor starting structures (§12, Gate 5 = conceptual)."
cryptic_mRNA/01_preprocessing/build_swcnts.py,cryptic_mRNA,01_preprocessing,,,cryptic_mRNA/model/STMN2_SWCNT_pipeline/scripts/build_swcnts.py,cryptic_mRNA/model/STMN2_SWCNT_pipeline/STMN2_SWCNT_production_analysis_20260625/code/build_swcnts.py | cryptic_mRNA/model/STMN2_SWCNT_pipeline/STMN2_SWCNT_production_analysis_20260626/code/build_swcnts.py,Build + validate the 5 core SWCNT chiralities (§9).
cryptic_mRNA/01_preprocessing/fetch_reference.py,cryptic_mRNA,01_preprocessing,,,cryptic_mRNA/model/STMN2_SWCNT_pipeline/scripts/fetch_reference.py,cryptic_mRNA/model/STMN2_SWCNT_pipeline/STMN2_SWCNT_production_analysis_20260625/code/fetch_reference.py | cryptic_mRNA/model/STMN2_SWCNT_pipeline/STMN2_SWCNT_production_analysis_20260626/code/fetch_reference.py,Fetch the authoritative STMN2 transcript live (§5.1).
cryptic_mRNA/01_preprocessing/figstyle.py,cryptic_mRNA,01_preprocessing,,,cryptic_mRNA/model/STMN2_SWCNT_pipeline/scripts/figstyle.py,cryptic_mRNA/model/STMN2_SWCNT_pipeline/STMN2_SWCNT_production_analysis_20260625/code/figstyle.py | cryptic_mRNA/model/STMN2_SWCNT_pipeline/STMN2_SWCNT_production_analysis_20260626/code/figstyle.py,"Shared figure style (§13): 300 dpi, editable SVG text, no rainbow colormap."
cryptic_mRNA/01_preprocessing/gen_remd_mdps.py,cryptic_mRNA,01_preprocessing,,,cryptic_mRNA/model/STMN2_CE_MD_Unity/mdp/remd/gen_remd_mdps.py,,gen_remd_mdps.py <hyb|unhyb> — generate a geometric temperature ladder and one
cryptic_mRNA/01_preprocessing/lib_common.py,cryptic_mRNA,01_preprocessing,,,cryptic_mRNA/model/STMN2_SWCNT_pipeline/scripts/lib_common.py,cryptic_mRNA/model/STMN2_SWCNT_pipeline/STMN2_SWCNT_production_analysis_20260625/code/lib_common.py | cryptic_mRNA/model/STMN2_SWCNT_pipeline/STMN2_SWCNT_production_analysis_20260626/code/lib_common.py,"Shared helpers: config loading, provenance, sequence utilities."
cryptic_mRNA/01_preprocessing/merge_cnt_topology.py,cryptic_mRNA,01_preprocessing,,,cryptic_mRNA/model/STMN2_CE_MD_Unity/scripts/merge_cnt_topology.py,,merge_cnt_topology.py — insert the frozen CNT molecule into a pdb2gmx topology
cryptic_mRNA/01_preprocessing/record_versions.sh,cryptic_mRNA,01_preprocessing,,,cryptic_mRNA/model/STMN2_SWCNT_pipeline/scripts/record_versions.sh,,Provenance capture (§6.4). Run from the pipeline root.
cryptic_mRNA/01_preprocessing/unity_modules.sh,cryptic_mRNA,01_preprocessing,,,cryptic_mRNA/model/STMN2_CE_MD_Unity/env/unity_modules.sh,,Source this on Unity to load the GPU GROMACS + supporting modules.
cryptic_mRNA/02_peak_fitting/diagnose_fits.py,cryptic_mRNA,02_peak_fitting,,,cryptic_mRNA/exp1/diagnose_fits.py,,Diagnose whether low R2 = genuine dim peaks or a fitting bug.
cryptic_mRNA/02_peak_fitting/extract_gaussian/extract_gaussian.py,cryptic_mRNA,02_peak_fitting,extract_gaussian,,cryptic_mRNA/exp1/extract_gaussian.py,,extract_gaussian.py
cryptic_mRNA/02_peak_fitting/extract_gaussian/extract_gaussian_exp2.py,cryptic_mRNA,02_peak_fitting,extract_gaussian,,cryptic_mRNA/exp2/STMN_2/STMN_2/extract_gaussian_exp2.py,,Per-chirality split-Gaussian+baseline fit for exp2 (reuses exp1 extract_gaussian fit code).
cryptic_mRNA/02_peak_fitting/extract_gaussian/extract_gaussian_exp3.py,cryptic_mRNA,02_peak_fitting,extract_gaussian,,cryptic_mRNA/exp3/extract_gaussian_exp3.py,,Per-chirality split-Gaussian+baseline fit for exp3 (reuses exp1 extract_gaussian fit code).
cryptic_mRNA/02_peak_fitting/extract_gaussian/extract_gaussian_exp4_serum.py,cryptic_mRNA,02_peak_fitting,extract_gaussian,,cryptic_mRNA/exp4/serum/extract_gaussian_exp4_serum.py,,Per-chirality split-Gaussian fit for exp4 SERUM (STMN_22 = 22nt GT15-STMN2-CE sensor).
cryptic_mRNA/02_peak_fitting/extract_gaussian/extract_gaussian_exp4_water.py,cryptic_mRNA,02_peak_fitting,extract_gaussian,,cryptic_mRNA/exp4/water/extract_gaussian_exp4_water.py,,Per-chirality split-Gaussian fit for exp4 SERUM (STMN_22 = 22nt GT15-STMN2-CE sensor).
cryptic_mRNA/02_peak_fitting/extract_gaussian/extract_gaussian_exp5_20.py,cryptic_mRNA,02_peak_fitting,extract_gaussian,,cryptic_mRNA/exp5/20/extract_gaussian_exp5_20.py,,Per-chirality split-Gaussian fit for exp5 / 20nt GT15-STMN2-CE sensor in defined background
cryptic_mRNA/02_peak_fitting/extract_gaussian/extract_gaussian_exp5_22.py,cryptic_mRNA,02_peak_fitting,extract_gaussian,,cryptic_mRNA/exp5/22/extract_gaussian_exp5_22.py,,Per-chirality split-Gaussian fit for exp5 / 22nt GT15-STMN2-CE sensor in defined background
cryptic_mRNA/02_peak_fitting/extract_gaussian/extract_gaussian_serum.py,cryptic_mRNA,02_peak_fitting,extract_gaussian,,cryptic_mRNA/exp3/serum/extract_gaussian_serum.py,,Per-chirality split-Gaussian fit for exp3 SERUM plate (reuses exp1 fit code).
cryptic_mRNA/02_peak_fitting/fit_free.py,cryptic_mRNA,02_peak_fitting,,,cryptic_mRNA/exp1/fit_free.py,,"Fit-FREE spectral descriptors (no Gaussian, no curve_fit, no R2 gate)."
cryptic_mRNA/02_peak_fitting/test_is_it_fitting.py,cryptic_mRNA,02_peak_fitting,,,cryptic_mRNA/exp1/test_is_it_fitting.py,,Is the brightness->center coupling a FITTING problem (estimator artifact) or a
cryptic_mRNA/03_batch_correction/detrend_check.py,cryptic_mRNA,03_batch_correction,,,cryptic_mRNA/exp5/22/detrend_check.py,,"Left-right detrend then re-test (1) dose null and (2) random-RNA suppression, since the two 0-types"
cryptic_mRNA/05_feature_selection_importance/analyze_brightness_specificity.py,cryptic_mRNA,05_feature_selection_importance,,,cryptic_mRNA/exp1/analyze_brightness_specificity.py,,Is the global brightening SPECIFIC to STMN2-CE on GT15-STMN2 vs the GT15 control?
cryptic_mRNA/05_feature_selection_importance/analyze_feature_tracking/analyze_feature_tracking.py,cryptic_mRNA,05_feature_selection_importance,analyze_feature_tracking,,cryptic_mRNA/exp1/analyze_feature_tracking.py,,Which features move with total intensity?
cryptic_mRNA/05_feature_selection_importance/analyze_feature_tracking/analyze_feature_tracking_3tube.py,cryptic_mRNA,05_feature_selection_importance,analyze_feature_tracking,,cryptic_mRNA/exp1/analyze_feature_tracking_3tube.py,,Feature-vs-total analysis restricted to the 3 reliably-fit tubes:
cryptic_mRNA/05_feature_selection_importance/analyze_feature_tracking/analyze_feature_tracking_r2.py,cryptic_mRNA,05_feature_selection_importance,analyze_feature_tracking,,cryptic_mRNA/exp1/analyze_feature_tracking_r2.py,,"Feature-vs-total analysis, but using ONLY peaks with fit R2 > 0.95."
cryptic_mRNA/05_feature_selection_importance/rank_specificity.py,cryptic_mRNA,05_feature_selection_importance,,,cryptic_mRNA/exp1/rank_specificity.py,,"Rank every (chirality, feature) by SPECIFIC STMN2-CE dose response:"
cryptic_mRNA/07_regression/hill_cooperativity.py,cryptic_mRNA,07_regression,,,cryptic_mRNA/model/STMN2_SWCNT_pipeline/scripts/hill_cooperativity.py,cryptic_mRNA/model/STMN2_SWCNT_pipeline/STMN2_SWCNT_production_analysis_20260626/code/hill_cooperativity.py,Hill-coefficient cooperativity test for the GT15-STMN2 water dose-response (§14).
cryptic_mRNA/08_statistics/analyze_interaction.py,cryptic_mRNA,08_statistics,,,cryptic_mRNA/exp1/analyze_interaction.py,,analyze_interaction.py
cryptic_mRNA/08_statistics/analyze_position_ratio.py,cryptic_mRNA,08_statistics,,,cryptic_mRNA/exp1/analyze_position_ratio.py,,analyze_position_ratio.py
cryptic_mRNA/08_statistics/analyze_shift_coherence.py,cryptic_mRNA,08_statistics,,,cryptic_mRNA/exp1/analyze_shift_coherence.py,,Deeper look at the FITTED peak centers: are the shifts COHERENT (all tubes move
cryptic_mRNA/08_statistics/test_neighbor_artifact.py,cryptic_mRNA,08_statistics,,,cryptic_mRNA/exp4/serum/test_neighbor_artifact.py,,Test the NEIGHBOR / cross-talk hypothesis in exp4 serum:
cryptic_mRNA/08_statistics/test_position_detrend.py,cryptic_mRNA,08_statistics,,,cryptic_mRNA/exp4/serum/test_position_detrend.py,,"Estimate the left-right SPATIAL gradient from the BELOW-THRESHOLD (near-baseline) columns only,"
cryptic_mRNA/08_statistics/test_row_dependence/test_row_dependence.py,cryptic_mRNA,08_statistics,test_row_dependence,,cryptic_mRNA/exp4/water/test_row_dependence.py,,Test user's observation: STMN2-CE concentration trend in WATER is more evident in LOWER rows
cryptic_mRNA/08_statistics/test_row_dependence/test_row_dependence_serum.py,cryptic_mRNA,08_statistics,test_row_dependence,,cryptic_mRNA/exp4/serum/test_row_dependence_serum.py,,Same UPPER vs LOWER row split on the SERUM plate (where the high-copy response was robust).
cryptic_mRNA/08_statistics/within_row_trend.py,cryptic_mRNA,08_statistics,,,cryptic_mRNA/exp4/within_row_trend.py,,"Within-EACH-ROW concentration trend, and whether it is STABLE (reproducible) across the 8 rows."
cryptic_mRNA/09_dimensionality_reduction/analyze_chirality/analyze_chirality.py,cryptic_mRNA,09_dimensionality_reduction,analyze_chirality,,cryptic_mRNA/model/STMN2_SWCNT_pipeline/scripts/analyze_chirality.py,cryptic_mRNA/model/STMN2_SWCNT_pipeline/STMN2_SWCNT_production_analysis_20260625/code/analyze_chirality.py | cryptic_mRNA/model/STMN2_SWCNT_pipeline/STMN2_SWCNT_production_analysis_20260626/code/analyze_chirality.py,"Chirality docking analysis (§11.6, Gate 4). Reads chirality pose_metrics,"
cryptic_mRNA/09_dimensionality_reduction/analyze_chirality/analyze_chirality_exp2.py,cryptic_mRNA,09_dimensionality_reduction,analyze_chirality,,cryptic_mRNA/exp2/STMN_2/STMN_2/analyze_chirality_exp2.py,,Per-chirality dose analysis for exp2 (chirality_gaussian_descriptors_exp2.csv).
cryptic_mRNA/10_qc_validation/aggregate_smoke.py,cryptic_mRNA,10_qc_validation,,,cryptic_mRNA/model/STMN2_SWCNT_pipeline/scripts/smoke/aggregate_smoke.py,cryptic_mRNA/model/STMN2_SWCNT_pipeline/STMN2_SWCNT_production_analysis_20260625/code/smoke/aggregate_smoke.py | cryptic_mRNA/model/STMN2_SWCNT_pipeline/STMN2_SWCNT_production_analysis_20260626/code/smoke/aggregate_smoke.py,Aggregate smoke-test status (Gate 0). Reads all per-tool JSONs and writes
cryptic_mRNA/10_qc_validation/benchmark_gate.py,cryptic_mRNA,10_qc_validation,,,cryptic_mRNA/model/STMN2_SWCNT_pipeline/scripts/benchmark_gate.py,cryptic_mRNA/model/STMN2_SWCNT_pipeline/STMN2_SWCNT_production_analysis_20260625/code/benchmark_gate.py | cryptic_mRNA/model/STMN2_SWCNT_pipeline/STMN2_SWCNT_production_analysis_20260626/code/benchmark_gate.py,"Benchmark gate (Gate 3, §11.3) — correct bootstrap median-difference logic."
cryptic_mRNA/10_qc_validation/gate2_thermo.py,cryptic_mRNA,10_qc_validation,,,cryptic_mRNA/model/STMN2_SWCNT_pipeline/scripts/gate2_thermo.py,cryptic_mRNA/model/STMN2_SWCNT_pipeline/STMN2_SWCNT_production_analysis_20260625/code/gate2_thermo.py | cryptic_mRNA/model/STMN2_SWCNT_pipeline/STMN2_SWCNT_production_analysis_20260626/code/gate2_thermo.py,"Gate 2 (thermodynamic model validity) status, from hybridization outputs."
cryptic_mRNA/10_qc_validation/smoke_docking.py,cryptic_mRNA,10_qc_validation,,,cryptic_mRNA/model/STMN2_SWCNT_pipeline/scripts/smoke/smoke_docking.py,cryptic_mRNA/model/STMN2_SWCNT_pipeline/STMN2_SWCNT_production_analysis_20260625/code/smoke/smoke_docking.py | cryptic_mRNA/model/STMN2_SWCNT_pipeline/STMN2_SWCNT_production_analysis_20260626/code/smoke/smoke_docking.py,"Docking-env smoke tests: Meeko ligand prep, Vina receptor parsing, base-vs-"
cryptic_mRNA/10_qc_validation/smoke_seq.py,cryptic_mRNA,10_qc_validation,,,cryptic_mRNA/model/STMN2_SWCNT_pipeline/scripts/smoke/smoke_seq.py,cryptic_mRNA/model/STMN2_SWCNT_pipeline/STMN2_SWCNT_production_analysis_20260625/code/smoke/smoke_seq.py | cryptic_mRNA/model/STMN2_SWCNT_pipeline/STMN2_SWCNT_production_analysis_20260626/code/smoke/smoke_seq.py,"Seq-env smoke tests: MELTING, NUPACK (blocker-aware), Biopython cross-check."
cryptic_mRNA/10_qc_validation/smoke_struct.py,cryptic_mRNA,10_qc_validation,,,cryptic_mRNA/model/STMN2_SWCNT_pipeline/scripts/smoke/smoke_struct.py,cryptic_mRNA/model/STMN2_SWCNT_pipeline/STMN2_SWCNT_production_analysis_20260625/code/smoke/smoke_struct.py | cryptic_mRNA/model/STMN2_SWCNT_pipeline/STMN2_SWCNT_production_analysis_20260626/code/smoke/smoke_struct.py,"Struct-env smoke tests: ASE SWCNT generator, Open Babel, AmberTools nucleic"
cryptic_mRNA/10_qc_validation/test_toy_wiring.py,cryptic_mRNA,10_qc_validation,,,cryptic_mRNA/model/STMN2_SWCNT_pipeline/tests/toy/test_toy_wiring.py,,Toy test (§16): fast checks of schema wiring + the integrity-critical rule that
cryptic_mRNA/10_qc_validation/validate_outputs.py,cryptic_mRNA,10_qc_validation,,,cryptic_mRNA/model/STMN2_SWCNT_pipeline/scripts/validate_outputs.py,cryptic_mRNA/model/STMN2_SWCNT_pipeline/STMN2_SWCNT_production_analysis_20260625/code/validate_outputs.py | cryptic_mRNA/model/STMN2_SWCNT_pipeline/STMN2_SWCNT_production_analysis_20260626/code/validate_outputs.py,"Output validation (§16, Gate 6 component). Verifies required outputs/gates"
cryptic_mRNA/10_qc_validation/validate_sequences.py,cryptic_mRNA,10_qc_validation,,,cryptic_mRNA/model/STMN2_SWCNT_pipeline/scripts/validate_sequences.py,cryptic_mRNA/model/STMN2_SWCNT_pipeline/STMN2_SWCNT_production_analysis_20260625/code/validate_sequences.py | cryptic_mRNA/model/STMN2_SWCNT_pipeline/STMN2_SWCNT_production_analysis_20260626/code/validate_sequences.py,"Sequence validation gate (§5.3, §5.4, Gate 1)."
cryptic_mRNA/11_response_analysis/analyze_2H_water/v0_analyze_2H_water.py,cryptic_mRNA,11_response_analysis,analyze_2H_water,v0,cryptic_mRNA/exp2/STMN_2/STMN_2/analyze_2H_water.py,,exp2 / 2H_WATER  --- BLIND STMN2-CE titration in neuronal-mRNA-enriched water.
cryptic_mRNA/11_response_analysis/analyze_2H_water/v2_analyze_2H_water_v2.py,cryptic_mRNA,11_response_analysis,analyze_2H_water,v2,cryptic_mRNA/exp2/STMN_2/STMN_2/analyze_2H_water_v2.py,,exp2 / 2H_WATER  -- CORRECTED layout (per user).
cryptic_mRNA/11_response_analysis/analyze_2H_water/v3_analyze_2H_water_v3.py,cryptic_mRNA,11_response_analysis,analyze_2H_water,v3,cryptic_mRNA/exp2/STMN_2/STMN_2/analyze_2H_water_v3.py,,exp2/2H_WATER v3 -- rows=8 technical replicates; between-row gradient = acquisition
cryptic_mRNA/11_response_analysis/analyze_all_dose.py,cryptic_mRNA,11_response_analysis,,,cryptic_mRNA/exp2/STMN_2/STMN_2/analyze_all_dose.py,,DECISIVE dose-vs-edge test across all 4 exp2 plates.
cryptic_mRNA/11_response_analysis/analyze_ch65_only.py,cryptic_mRNA,11_response_analysis,,,cryptic_mRNA/exp1/analyze_ch65_only.py,,"ch6_5-only analysis. (6,5) is the single tube with R2>=0.95 in ALL 95 wells"
cryptic_mRNA/11_response_analysis/analyze_ch75_dlambda.py,cryptic_mRNA,11_response_analysis,,,cryptic_mRNA/exp1/analyze_ch75_dlambda.py,,"(7,5)-specific Delta-lambda analysis -- the paper's designated sensor readout."
cryptic_mRNA/11_response_analysis/analyze_exp3_blind.py,cryptic_mRNA,11_response_analysis,,,cryptic_mRNA/exp3/analyze_exp3_blind.py,,exp3 BLIND per-condition analysis (same analysis types as exp2).
cryptic_mRNA/11_response_analysis/analyze_exp3_nofit_blind.py,cryptic_mRNA,11_response_analysis,,,cryptic_mRNA/exp3/analyze_exp3_nofit_blind.py,,exp3 BLIND per-condition analysis WITHOUT peak fitting (model-free cross-check).
cryptic_mRNA/11_response_analysis/analyze_exp3_unblind.py,cryptic_mRNA,11_response_analysis,,,cryptic_mRNA/exp3/analyze_exp3_unblind.py,,exp3 UNBLINDED (v2 - no bogus position gradient; only legitimate row/heating drift removed).
cryptic_mRNA/11_response_analysis/analyze_exp4_serum_blind.py,cryptic_mRNA,11_response_analysis,,,cryptic_mRNA/exp4/serum/analyze_exp4_serum_blind.py,,exp4 SERUM (STMN_22 = 22nt GT15-STMN2-CE sensor) -- BLIND model-free per-condition analysis.
cryptic_mRNA/11_response_analysis/analyze_exp4_serum_fit_blind.py,cryptic_mRNA,11_response_analysis,,,cryptic_mRNA/exp4/serum/analyze_exp4_serum_fit_blind.py,,exp4 SERUM (STMN_22) -- BLIND FITTED per-condition analysis (mean gauss_max over clean chiralities).
cryptic_mRNA/11_response_analysis/analyze_exp4_serum_unblind.py,cryptic_mRNA,11_response_analysis,,,cryptic_mRNA/exp4/serum/analyze_exp4_serum_unblind.py,,"exp4 SERUM UNBLINDED (STMN_22 = 22nt GT15-STMN2-CE sensor, in serum)."
cryptic_mRNA/11_response_analysis/analyze_exp4_water.py,cryptic_mRNA,11_response_analysis,,,cryptic_mRNA/exp4/water/analyze_exp4_water.py,,exp4 WATER (STMN_22 = 22nt GT15-STMN2-CE sensor) full pipeline: blind ranking + gradients
cryptic_mRNA/11_response_analysis/analyze_exp5_20.py,cryptic_mRNA,11_response_analysis,,,cryptic_mRNA/exp5/20/analyze_exp5_20.py,,exp5 / 20nt GT15-STMN2-CE sensor in defined background (SDS1%+BSA0.5%+randomRNA 30ng/mL).
cryptic_mRNA/11_response_analysis/analyze_exp5_22.py,cryptic_mRNA,11_response_analysis,,,cryptic_mRNA/exp5/22/analyze_exp5_22.py,,exp5 / 22nt GT15-STMN2-CE sensor in DEFINED BACKGROUND (SDS 1% + BSA 0.5% + random RNA 30 ng/mL).
cryptic_mRNA/11_response_analysis/analyze_response.py,cryptic_mRNA,11_response_analysis,,,cryptic_mRNA/exp1/analyze_response.py,,analyze_response.py
cryptic_mRNA/11_response_analysis/analyze_serum_blind.py,cryptic_mRNA,11_response_analysis,,,cryptic_mRNA/exp3/serum/analyze_serum_blind.py,,"exp3 SERUM — BLIND per-condition analysis (fitted + model-free), same pipeline as water."
cryptic_mRNA/11_response_analysis/analyze_serum_generic.py,cryptic_mRNA,11_response_analysis,,,cryptic_mRNA/exp2/STMN_2/STMN_2/analyze_serum_generic.py,,"SERUM plate analyzer. Layout: 8 rows x 5 columns, ROW-MAJOR (5 cols/row). Rows = technical"
cryptic_mRNA/11_response_analysis/analyze_serum_nofit_blind.py,cryptic_mRNA,11_response_analysis,,,cryptic_mRNA/exp3/serum/analyze_serum_nofit_blind.py,,exp3 SERUM — BLIND model-free (NO fitting) per-condition analysis (mirrors water no-fit).
cryptic_mRNA/11_response_analysis/analyze_serum_unblind.py,cryptic_mRNA,11_response_analysis,,,cryptic_mRNA/exp3/serum/analyze_serum_unblind.py,,exp3 SERUM UNBLINDED. 8 rows x 12 cols row-major (col11=7 reps). In serum matrix:
cryptic_mRNA/11_response_analysis/analyze_water_generic.py,cryptic_mRNA,11_response_analysis,,,cryptic_mRNA/exp2/STMN_2/STMN_2/analyze_water_generic.py,,"Generic 'water' plate analyzer (corrected layout): 6 conc-COLUMNS x 8 replicate ROWS,"
cryptic_mRNA/11_response_analysis/ratio_readouts.py,cryptic_mRNA,11_response_analysis,,,cryptic_mRNA/exp5/22/ratio_readouts.py,,"Intensity-INDEPENDENT (ratiometric / wavelength) readouts for exp5/22, which cancel the"
cryptic_mRNA/12_molecular_modeling/base_geometry.py,cryptic_mRNA,12_molecular_modeling,,,cryptic_mRNA/model/STMN2_CE_MD_Unity/scripts/analysis/base_geometry.py,,base_geometry.py — per-nucleobase radial distance from the tube surface and base
cryptic_mRNA/12_molecular_modeling/blueshift_predict.py,cryptic_mRNA,12_molecular_modeling,,,cryptic_mRNA/model/STMN2_CE_MD_Unity/scripts/analysis/blueshift_predict.py,,blueshift_predict.py — combine Hyb vs Unhyb radial densities into a predicted
cryptic_mRNA/12_molecular_modeling/free_energy_cycle.py,cryptic_mRNA,12_molecular_modeling,,,cryptic_mRNA/model/STMN2_CE_MD_Unity/scripts/analysis/free_energy_cycle.py,,"free_energy_cycle.py — Harvey Suppl. Fig S11 thermodynamic cycle, adapted to the"
cryptic_mRNA/12_molecular_modeling/generate_conformers.py,cryptic_mRNA,12_molecular_modeling,,,cryptic_mRNA/model/STMN2_SWCNT_pipeline/scripts/generate_conformers.py,cryptic_mRNA/model/STMN2_SWCNT_pipeline/STMN2_SWCNT_production_analysis_20260625/code/generate_conformers.py | cryptic_mRNA/model/STMN2_SWCNT_pipeline/STMN2_SWCNT_production_analysis_20260626/code/generate_conformers.py,"Anchor conformer ensembles (§10) — nucleic-acid-aware, NOT RDKit/MMFF."
cryptic_mRNA/12_molecular_modeling/integrate_experimental.py,cryptic_mRNA,12_molecular_modeling,,,cryptic_mRNA/model/STMN2_SWCNT_pipeline/scripts/integrate_experimental.py,cryptic_mRNA/model/STMN2_SWCNT_pipeline/STMN2_SWCNT_production_analysis_20260626/code/integrate_experimental.py,Experimental NIR integration (§14) — REAL data from ../../exp1/.
cryptic_mRNA/12_molecular_modeling/lib_dock.py,cryptic_mRNA,12_molecular_modeling,,,cryptic_mRNA/model/STMN2_SWCNT_pipeline/scripts/lib_dock.py,cryptic_mRNA/model/STMN2_SWCNT_pipeline/STMN2_SWCNT_production_analysis_20260625/code/lib_dock.py | cryptic_mRNA/model/STMN2_SWCNT_pipeline/STMN2_SWCNT_production_analysis_20260626/code/lib_dock.py,"Controlled Vina docking helpers (§11): sidewall-offset box, map reuse,"
cryptic_mRNA/12_molecular_modeling/lib_ligprep.py,cryptic_mRNA,12_molecular_modeling,,,cryptic_mRNA/model/STMN2_SWCNT_pipeline/scripts/lib_ligprep.py,cryptic_mRNA/model/STMN2_SWCNT_pipeline/STMN2_SWCNT_production_analysis_20260625/code/lib_ligprep.py | cryptic_mRNA/model/STMN2_SWCNT_pipeline/STMN2_SWCNT_production_analysis_20260626/code/lib_ligprep.py,Controlled rigid-ligand PDBQT preparation for ssDNA conformers (§10.3).
cryptic_mRNA/12_molecular_modeling/lib_struct.py,cryptic_mRNA,12_molecular_modeling,,,cryptic_mRNA/model/STMN2_SWCNT_pipeline/scripts/lib_struct.py,cryptic_mRNA/model/STMN2_SWCNT_pipeline/STMN2_SWCNT_production_analysis_20260625/code/lib_struct.py | cryptic_mRNA/model/STMN2_SWCNT_pipeline/STMN2_SWCNT_production_analysis_20260626/code/lib_struct.py,SWCNT geometry + controlled receptor-PDBQT writing (§9).
cryptic_mRNA/12_molecular_modeling/radial_density.py,cryptic_mRNA,12_molecular_modeling,,,cryptic_mRNA/model/STMN2_CE_MD_Unity/scripts/analysis/radial_density.py,,radial_density.py — radial number-density profiles of WATER (OW) and PHOSPHATE (P)
cryptic_mRNA/12_molecular_modeling/run_docking.py,cryptic_mRNA,12_molecular_modeling,,,cryptic_mRNA/model/STMN2_SWCNT_pipeline/scripts/run_docking.py,cryptic_mRNA/model/STMN2_SWCNT_pipeline/STMN2_SWCNT_production_analysis_20260625/code/run_docking.py | cryptic_mRNA/model/STMN2_SWCNT_pipeline/STMN2_SWCNT_production_analysis_20260626/code/run_docking.py,Controlled Vina docking driver (§11) — benchmark + chirality stages.
cryptic_mRNA/12_molecular_modeling/run_hybridization.py,cryptic_mRNA,12_molecular_modeling,,,cryptic_mRNA/model/STMN2_SWCNT_pipeline/scripts/run_hybridization.py,cryptic_mRNA/model/STMN2_SWCNT_pipeline/STMN2_SWCNT_production_analysis_20260625/code/run_hybridization.py | cryptic_mRNA/model/STMN2_SWCNT_pipeline/STMN2_SWCNT_production_analysis_20260626/code/run_hybridization.py,"Hybridization thermodynamics (§8, Gate 2) — MELTING + Biopython + descriptors."
cryptic_mRNA/12_molecular_modeling/run_nupack.py,cryptic_mRNA,12_molecular_modeling,,,cryptic_mRNA/model/STMN2_SWCNT_pipeline/scripts/run_nupack.py,cryptic_mRNA/model/STMN2_SWCNT_pipeline/STMN2_SWCNT_production_analysis_20260625/code/run_nupack.py | cryptic_mRNA/model/STMN2_SWCNT_pipeline/STMN2_SWCNT_production_analysis_20260626/code/run_nupack.py,"NUPACK 4.1 analyses (§8.2, §8.4) — used only where legitimate."
cryptic_mRNA/13_figures/make_figures.py,cryptic_mRNA,13_figures,,,cryptic_mRNA/model/STMN2_SWCNT_pipeline/scripts/make_figures.py,cryptic_mRNA/model/STMN2_SWCNT_pipeline/STMN2_SWCNT_production_analysis_20260625/code/make_figures.py | cryptic_mRNA/model/STMN2_SWCNT_pipeline/STMN2_SWCNT_production_analysis_20260626/code/make_figures.py,Generate publication figures (§13) as SVG + 300 dpi PNG. Each function is
cryptic_mRNA/13_figures/plot_centroids.py,cryptic_mRNA,13_figures,,,cryptic_mRNA/exp1/plot_centroids.py,,"Fit-free centroid (Delta-lambda) dose curves, GT15-STMN2 vs control, water."
cryptic_mRNA/13_figures/plot_chirality_byplate_exp2.py,cryptic_mRNA,13_figures,,,cryptic_mRNA/exp2/STMN_2/STMN_2/plot_chirality_byplate_exp2.py,,"Per-chirality fitted dose-response, broken out by time point x matrix (4 plates)."
cryptic_mRNA/13_figures/plot_curves/plot_curves.py,cryptic_mRNA,13_figures,plot_curves,,cryptic_mRNA/exp1/plot_curves.py,,Separated GT15-STMN2 vs GT15 dose curves (absolute + normalized-to-0-conc).
cryptic_mRNA/13_figures/plot_curves/plot_curves_clean.py,cryptic_mRNA,13_figures,plot_curves,,cryptic_mRNA/exp1/plot_curves_clean.py,,Dose curves on the clean tube set: total3 (ch6_5+ch7_5+ch8_3) and ch6_5 alone.
cryptic_mRNA/13_figures/plot_global_spectra.py,cryptic_mRNA,13_figures,,,cryptic_mRNA/exp1/plot_global_spectra.py,,Global emission spectrum (intensity vs emission wavelength) vs STMN2-CE concentration.
cryptic_mRNA/13_figures/plot_serum_dose.py,cryptic_mRNA,13_figures,,,cryptic_mRNA/exp2/STMN_2/STMN_2/plot_serum_dose.py,,"Serum dose-response figures, columns mapped to concentration and ordered by dose."
cryptic_mRNA/13_figures/render_reports/render_reports__from-code.py,cryptic_mRNA,13_figures,render_reports,,cryptic_mRNA/model/STMN2_SWCNT_pipeline/STMN2_SWCNT_production_analysis_20260625/code/render_reports.py,,Render METHODS/RESULTS/LIMITATIONS/FINAL_ANALYSIS_REPORT + CLAIM_EVIDENCE_MATRIX
cryptic_mRNA/13_figures/render_reports/render_reports__from-scripts.py,cryptic_mRNA,13_figures,render_reports,,cryptic_mRNA/model/STMN2_SWCNT_pipeline/scripts/render_reports.py,cryptic_mRNA/model/STMN2_SWCNT_pipeline/STMN2_SWCNT_production_analysis_20260626/code/render_reports.py,Render METHODS/RESULTS/LIMITATIONS/FINAL_ANALYSIS_REPORT + CLAIM_EVIDENCE_MATRIX
paper_SWCNT/01_preprocessing/add_emission_column/add_emission_column__from-ex123.py,paper_SWCNT,01_preprocessing,add_emission_column,,paper/ex123/add_emission_column.py,,=== 1. Folder with your *_e1.xlsx files ===
paper_SWCNT/01_preprocessing/add_emission_column/add_emission_column__from-ex4.py,paper_SWCNT,01_preprocessing,add_emission_column,,paper/ex123/ALS_excel_raw_data_Roy-20251122T180413Z-1-001/ALS_excel_raw_data_Roy/ex4/add_emission_column.py,,=== 1. Folder with your *_e1.xlsx files ===
paper_SWCNT/01_preprocessing/delate1400.py,paper_SWCNT,01_preprocessing,,,paper/ex123/delate1400.py,,=== 1. Folder with your Excel files ===
paper_SWCNT/01_preprocessing/delete805.py,paper_SWCNT,01_preprocessing,,,paper/ex123/delete805.py,,=== 1. Folder with your Excel files ===
paper_SWCNT/01_preprocessing/rename_and_make_labels.py,paper_SWCNT,01_preprocessing,,,paper/ex123/rename_and_make_labels.py,,=== 1. Set your folder path here ===
paper_SWCNT/04_autoencoder_latents/consensus_analysis_adapted_CTRL0_ALS1_v2_export_latents.py,paper_SWCNT,04_autoencoder_latents,,,paper/ex123/ALS_excel_raw_data_Roy-20251122T180413Z-1-001/ALS_excel_raw_data_Roy/ex1/consensus_analysis_adapted_CTRL0_ALS1_v2_export_latents.py,paper/ex123/ALS_excel_raw_data_Roy-20251122T180413Z-1-001/ALS_excel_raw_data_Roy/ex2/consensus_analysis_adapted_CTRL0_ALS1_v2_export_latents.py | paper/ex123/ALS_excel_raw_data_Roy-20251122T180413Z-1-001/ALS_excel_raw_data_Roy/ex3/consensus_analysis_adapted_CTRL0_ALS1_v2_export_latents.py,consensus_analysis_adapted.py
paper_SWCNT/04_autoencoder_latents/conv_autoencoder_ALSFRS_regression.py,paper_SWCNT,04_autoencoder_latents,,,paper/CNN/conv_autoencoder_ALSFRS_regression.py,,Convolutional Autoencoder with Attention-Based Temporal Aggregation
paper_SWCNT/04_autoencoder_latents/conv_autoencoder_detailed/v0_conv_autoencoder_detailed.py,paper_SWCNT,04_autoencoder_latents,conv_autoencoder_detailed,v0,paper/CNN/input_importances/conv_autoencoder_detailed.py,,Convolutional Autoencoder with Attention-Based Temporal Aggregation
paper_SWCNT/04_autoencoder_latents/conv_autoencoder_detailed/v0_conv_autoencoder_detailed_fixed_metrics.py,paper_SWCNT,04_autoencoder_latents,conv_autoencoder_detailed,v0,paper/ex123/ALS_excel_raw_data_Roy-20251122T180413Z-1-001/ALS_excel_raw_data_Roy/ex1/conv_autoencoder_detailed_fixed_metrics.py,,Convolutional Autoencoder with Attention-Based Temporal Aggregation
paper_SWCNT/04_autoencoder_latents/conv_autoencoder_detailed/v2_conv_autoencoder_detailed_fixed_metrics_v2.py,paper_SWCNT,04_autoencoder_latents,conv_autoencoder_detailed,v2,paper/ex123/ALS_excel_raw_data_Roy-20251122T180413Z-1-001/ALS_excel_raw_data_Roy/ex1/conv_autoencoder_detailed_fixed_metrics_v2.py,paper/ex123/ALS_excel_raw_data_Roy-20251122T180413Z-1-001/ALS_excel_raw_data_Roy/ex2/conv_autoencoder_detailed_fixed_metrics_v2.py | paper/ex123/ALS_excel_raw_data_Roy-20251122T180413Z-1-001/ALS_excel_raw_data_Roy/ex3/conv_autoencoder_detailed_fixed_metrics_v2.py | paper/ex123/ALS_excel_raw_data_Roy-20251122T180413Z-1-001/ALS_excel_raw_data_Roy/ex4/conv_autoencoder_detailed_fixed_metrics_v2.py | paper/ex123/ALS_excel_raw_data_Roy-20251122T180413Z-1-001/ALS_excel_raw_data_Roy/e1e2e/conv_autoencoder_detailed_fixed_metrics_v2.py,Convolutional Autoencoder with Attention-Based Temporal Aggregation
paper_SWCNT/04_autoencoder_latents/conv_autoencoder_detailed/v3_conv_autoencoder_detailed_fixed_with_metrics_v3.py,paper_SWCNT,04_autoencoder_latents,conv_autoencoder_detailed,v3,paper/ex123/ALS_excel_raw_data_Roy-20251122T180413Z-1-001/ALS_excel_raw_data_Roy/ex1/conv_autoencoder_detailed_fixed_with_metrics_v3.py,,Convolutional Autoencoder with Attention-Based Temporal Aggregation
targetALS/01_preprocessing/add_emission_column/add_emission_column.py,targetALS,01_preprocessing,add_emission_column,,targetALS/exp5/add_emission_column.py,,Add an 'Emission' column (as the FIRST column) to one or many CSV/XLSX files.
targetALS/01_preprocessing/add_emission_column/add_emission_column_py39.py,targetALS,01_preprocessing,add_emission_column,,targetALS/exp5/add_emission_column_py39.py,,Add an 'Emission' column (as the FIRST column) to one or many CSV/XLSX files.
targetALS/01_preprocessing/build_cache.py,targetALS,01_preprocessing,,,targetALS/exp5/plsda_baseline/build_cache.py,,Cache the EEM tensor used by the conv-autoencoder into a single npz so the
targetALS/01_preprocessing/combine_renamed.py,targetALS,01_preprocessing,,,targetALS/proxy_recon/combine_renamed.py,,1. Search for renamed files
targetALS/01_preprocessing/crop_eem_wavelengths_to_new_root.py,targetALS,01_preprocessing,,,targetALS/exp5/crop_eem_wavelengths_to_new_root.py,,"Crop NS Spectralyzer-style EEM Excel exports by wavelength and SAVE to a separate output root,"
targetALS/01_preprocessing/debug_mapping.py,targetALS,01_preprocessing,,,targetALS/exp5/cropped_em920_ex520-815/debug_mapping.py,,
targetALS/01_preprocessing/delate1400.py,targetALS,01_preprocessing,,,targetALS/exp5/delate1400.py,,=== 1. Folder with your Excel files ===
targetALS/01_preprocessing/extract_controls.py,targetALS,01_preprocessing,,,targetALS/exp5/tech_controls/analysis/extract_controls.py,,Extract 12-chirality peak features from the PBS (P) and FBS (F) technical
targetALS/01_preprocessing/extract_kinetics.py,targetALS,01_preprocessing,,,targetALS/exp5/tech_controls/analysis/extract_kinetics.py,,Extract 12-chirality features (max5x5 + gauss_max) from the dense corona-kinetics
targetALS/01_preprocessing/fetch_gene_symbols.py,targetALS,01_preprocessing,,,targetALS/MS/fetch_gene_symbols.py,,Map every UniProt accession in the three Welch result files to a gene symbol.
targetALS/01_preprocessing/identify_chirality.py,targetALS,01_preprocessing,,,targetALS/exp5/identify_chirality.py,,--- CONFIG ---
targetALS/01_preprocessing/organize.py,targetALS,01_preprocessing,,,targetALS/exp7/cumulative/24h/organize.py,,Define the target directory
targetALS/01_preprocessing/z_h_rename.py,targetALS,01_preprocessing,,,targetALS/proxy_recon/z_h_rename.py,,Ensure the folder path exists
targetALS/03_batch_correction/calibrate_eem_to_reference/v0_calibrate_eem_to_reference.py,targetALS,03_batch_correction,calibrate_eem_to_reference,v0,targetALS/exp7/calibrate_eem_to_reference.py,,calibrate_eem_to_reference.py
targetALS/03_batch_correction/calibrate_eem_to_reference/v2_calibrate_eem_to_reference_v2.py,targetALS,03_batch_correction,calibrate_eem_to_reference,v2,targetALS/exp7/calibrate_eem_to_reference_v2.py,,calibrate_eem_to_reference_v2.py
targetALS/03_batch_correction/diagnose_calibration_failure.py,targetALS,03_batch_correction,,,targetALS/exp7/diagnose_calibration_failure.py,,diagnose_calibration_failure.py
targetALS/03_batch_correction/eem_batch_correct_from_folders_xlsx_FIXED_v6_coords_only_rangeaware.py,targetALS,03_batch_correction,,,targetALS/eem_batch_correct_from_folders_xlsx_FIXED_v6_coords_only_rangeaware.py,,eem_batch_correct_from_folders_xlsx_FIXED_v4_coords_only_rangeaware.py
targetALS/03_batch_correction/eem_batch_correct_from_folders_xlsx_FIXED_v7_autopick_closest_peaks.py,targetALS,03_batch_correction,,,targetALS/eem_batch_correct_from_folders_xlsx_FIXED_v7_autopick_closest_peaks.py,,eem_batch_correct_from_folders_xlsx_FIXED_v7_autopick_closest_peaks.py
targetALS/03_batch_correction/force_correction/v4_force_correction_v4.py,targetALS,03_batch_correction,force_correction,v4,targetALS/force_correction_v4.py,,================= HELPER FUNCTIONS =================
targetALS/03_batch_correction/force_correction/v5_force_correction_v5_take_closest_or_autopeaks.py,targetALS,03_batch_correction,force_correction,v5,targetALS/force_correction_v5_take_closest_or_autopeaks.py,,force_correction_v5_take_closest_or_autopeaks.py
targetALS/03_batch_correction/force_correction/v6_force_correction_v6_auto_invert.py,targetALS,03_batch_correction,force_correction,v6,targetALS/force_correction_v6_auto_invert.py,,force_correction_v6_auto_invert.py
targetALS/03_batch_correction/visualize_batch_effects.py,targetALS,03_batch_correction,,,targetALS/exp7/cumulative/24h/v1/visualize_batch_effects.py,,Visualize batch effects in synthetic surrogate samples
targetALS/04_autoencoder_latents/apply_proxy_latents_batch_corrected.py,targetALS,04_autoencoder_latents,,,targetALS/exp7/apply_proxy_latents_batch_corrected.py,,apply_proxy_latents_batch_corrected.py
targetALS/04_autoencoder_latents/apply_proxy_latents_to_new_dataset_v2.py,targetALS,04_autoencoder_latents,,,targetALS/exp7/apply_proxy_latents_to_new_dataset_v2.py,,apply_proxy_latents_to_new_dataset.py
targetALS/04_autoencoder_latents/chirality_autoencoder_feature_selection.py,targetALS,04_autoencoder_latents,,,targetALS/exp5/chirality_autoencoder_feature_selection.py,targetALS/exp5/cropped_em920_ex520-815/chirality_autoencoder_feature_selection.py,CHIRALITY-INFORMED AUTOENCODER FOR FEATURE SELECTION
targetALS/04_autoencoder_latents/chirality_direct_pipeline.py,targetALS,04_autoencoder_latents,,,targetALS/exp5/chirality_direct_pipeline.py,,chirality_direct_pipeline.py
targetALS/04_autoencoder_latents/chirality_feature_pipeline.py,targetALS,04_autoencoder_latents,,,targetALS/exp5/physical_descriptors/chirality_feature_pipeline.py,,Chirality Descriptor Feature Extraction Pipeline
targetALS/04_autoencoder_latents/conv_autoencoder_chirality/v0_conv_autoencoder_chirality.py,targetALS,04_autoencoder_latents,conv_autoencoder_chirality,v0,targetALS/exp5/conv_autoencoder_chirality.py,targetALS/exp5/cropped_em920_ex520-815/conv_autoencoder_chirality.py,Convolutional Autoencoder with Attention-Based Temporal Aggregation
targetALS/04_autoencoder_latents/conv_autoencoder_chirality/v3_conv_autoencoder_chirality_informed_tp_anyxlsx_v3.py,targetALS,04_autoencoder_latents,conv_autoencoder_chirality,v3,targetALS/exp5/conv_autoencoder_chirality_informed_tp_anyxlsx_v3.py,,Chirality-Informed Convolutional Autoencoder with Temporal Attention
targetALS/04_autoencoder_latents/conv_autoencoder_chirality/v5_conv_autoencoder_chirality_informed_tp_anyxlsx_v5_oof_perm_nested.py,targetALS,04_autoencoder_latents,conv_autoencoder_chirality,v5,targetALS/exp5/conv_autoencoder_chirality_informed_tp_anyxlsx_v5_oof_perm_nested.py,,Chirality-Informed Convolutional Autoencoder with Temporal Attention
targetALS/04_autoencoder_latents/conv_autoencoder_detailed/v0_conv_autoencoder_detailed__from-cropped-em920-ex520-815.py,targetALS,04_autoencoder_latents,conv_autoencoder_detailed,v0,targetALS/exp5/cropped_em920_ex520-815/conv_autoencoder_detailed.py,,Convolutional Autoencoder with Attention-Based Temporal Aggregation
targetALS/04_autoencoder_latents/conv_autoencoder_detailed/v0_conv_autoencoder_detailed__from-exp5.py,targetALS,04_autoencoder_latents,conv_autoencoder_detailed,v0,targetALS/exp5/conv_autoencoder_detailed.py,targetALS/exp7/3/conv_autoencoder_detailed.py | targetALS/proxy_recon/super_selection/decoder/conv_autoencoder_detailed.py,Convolutional Autoencoder with Attention-Based Temporal Aggregation
targetALS/04_autoencoder_latents/conv_autoencoder_detailed/v0_conv_autoencoder_detailed_fixed.py,targetALS,04_autoencoder_latents,conv_autoencoder_detailed,v0,targetALS/exp5/cropped_em920_ex520-815/conv_autoencoder_detailed_fixed.py,,Convolutional Autoencoder with Attention-Based Temporal Aggregation
targetALS/04_autoencoder_latents/conv_autoencoder_detailed/v0_conv_autoencoder_detailed_updated.py,targetALS,04_autoencoder_latents,conv_autoencoder_detailed,v0,targetALS/exp5/cropped_em920_ex520-815/conv_autoencoder_detailed_updated.py,,Convolutional Autoencoder with Attention-Based Temporal Aggregation
targetALS/04_autoencoder_latents/conv_autoencoder_detailed/v2_conv_autoencoder_detailed_cropped_paths_only_v2.py,targetALS,04_autoencoder_latents,conv_autoencoder_detailed,v2,targetALS/exp5/conv_autoencoder_detailed_cropped_paths_only_v2.py,,Convolutional Autoencoder with Attention-Based Temporal Aggregation
targetALS/04_autoencoder_latents/conv_autoencoder_detailed/v3_conv_autoencoder_detailed_cropped_paths_only_v3.py,targetALS,04_autoencoder_latents,conv_autoencoder_detailed,v3,targetALS/exp5/conv_autoencoder_detailed_cropped_paths_only_v3.py,,Convolutional Autoencoder with Attention-Based Temporal Aggregation
targetALS/04_autoencoder_latents/conv_autoencoder_longitudinal_v2.py,targetALS,04_autoencoder_latents,,,targetALS/exp5/conv_autoencoder_longitudinal_v2.py,,Convolutional Autoencoder with Longitudinal LSTM (Trajectory Analysis)
targetALS/04_autoencoder_latents/conv_autoencoder_regress_alsfrs_slope_v5_stability_heldout.py,targetALS,04_autoencoder_latents,,,targetALS/exp5/conv_autoencoder_regress_alsfrs_slope_v5_stability_heldout.py,,Convolutional Autoencoder + Snapshot Attention + Trajectory Encoder (GRU) for ALSFRS-slope regression
targetALS/04_autoencoder_latents/export_fullfit_ridge_proxy_params.py,targetALS,04_autoencoder_latents,,,targetALS/exp5/export_fullfit_ridge_proxy_params.py,,
targetALS/04_autoencoder_latents/export_v12_exact_fullfit.py,targetALS,04_autoencoder_latents,,,targetALS/exp5/export_v12_exact_fullfit.py,,
targetALS/04_autoencoder_latents/fused_pipeline_opt_percentile.py,targetALS,04_autoencoder_latents,,,targetALS/proxy_recon/super_selection/fused_pipeline_opt_percentile.py,,FUSED PIPELINE: Optimal Percentile Search (Targeted ROIs + Proxy Classification)
targetALS/04_autoencoder_latents/hybrid_chirality_autoencoder.py,targetALS,04_autoencoder_latents,,,targetALS/exp5/hybrid_chirality_autoencoder.py,,HYBRID CHIRALITY-FOCUSED AUTOENCODER + ML PIPELINE
targetALS/04_autoencoder_latents/multiscale_chirality_pipeline/v0_multiscale_chirality_pipeline.py,targetALS,04_autoencoder_latents,multiscale_chirality_pipeline,v0,targetALS/exp5/cropped_em920_ex520-815/multiscale_chirality_pipeline.py,,MULTI-SCALE CHIRALITY-ANCHORED FEATURE EXTRACTION PIPELINE
targetALS/04_autoencoder_latents/multiscale_chirality_pipeline/v3_multiscale_chirality_pipeline_v3_no_heights.py,targetALS,04_autoencoder_latents,multiscale_chirality_pipeline,v3,targetALS/exp5/multiscale_chirality_pipeline_v3_no_heights.py,,MULTI-SCALE CHIRALITY-ANCHORED FEATURE EXTRACTION PIPELINE (v3 - No Heights)
targetALS/04_autoencoder_latents/proxy_latent_inference.py,targetALS,04_autoencoder_latents,,,targetALS/proxy_recon/super_selection/decoder/proxy_latent_inference.py,,Proxy Latent Inference Engine (Strategy E)
targetALS/04_autoencoder_latents/proxy_latent_pipeline_v13_leakfree.py,targetALS,04_autoencoder_latents,,,targetALS/exp5/proxy_latent_pipeline_v13_leakfree.py,,proxy_latent_pipeline_v13_leakfree.py
targetALS/04_autoencoder_latents/proxy_latent_pipeline_v14_power_mi.py,targetALS,04_autoencoder_latents,,,targetALS/exp5/proxy_latent_pipeline_v14_power_mi.py,,proxy_latent_pipeline_v14_power_mi.py
targetALS/04_autoencoder_latents/step1_extract_and_rank_latent_features.py,targetALS,04_autoencoder_latents,,,targetALS/proxy_recon/step1_extract_and_rank_latent_features.py,,STEP 1: Extract Latent Features from 5-Fold Pre-trained Models & Rank by Importance
targetALS/04_autoencoder_latents/step2_compute_mse_maps.py,targetALS,04_autoencoder_latents,,,targetALS/proxy_recon/step2_compute_mse_maps.py,,STEP 2: Compute Per-Pixel Reconstruction MSE (averaged across 5 models)
targetALS/04_autoencoder_latents/step2_encoder_weight_proxy/v3.2_step2_encoder_weight_proxy_v3.2.py,targetALS,04_autoencoder_latents,step2_encoder_weight_proxy,v3.2,targetALS/proxy_recon/super_selection/decoder/step2_encoder_weight_proxy_v3.2.py,,STEP 2 v3: Encoder-Weight-Based Proxy Latent Pipeline
targetALS/04_autoencoder_latents/step2_encoder_weight_proxy/v3.3_step2_encoder_weight_proxy_v3.3.py,targetALS,04_autoencoder_latents,step2_encoder_weight_proxy,v3.3,targetALS/proxy_recon/super_selection/decoder/step2_encoder_weight_proxy_v3.3.py,,STEP 2 v3: Encoder-Weight-Based Proxy Latent Pipeline
targetALS/04_autoencoder_latents/step2_encoder_weight_proxy/v3.4_step2_encoder_weight_proxy_v3.4.py,targetALS,04_autoencoder_latents,step2_encoder_weight_proxy,v3.4,targetALS/proxy_recon/super_selection/decoder/step2_encoder_weight_proxy_v3.4.py,,STEP 2 v3: Encoder-Weight-Based Proxy Latent Pipeline
targetALS/04_autoencoder_latents/step2_encoder_weight_proxy/v3_step2_encoder_weight_proxy_v3.py,targetALS,04_autoencoder_latents,step2_encoder_weight_proxy,v3,targetALS/proxy_recon/super_selection/decoder/step2_encoder_weight_proxy_v3.py,,STEP 2 v3: Encoder-Weight-Based Proxy Latent Pipeline
targetALS/04_autoencoder_latents/step3_4_fused_proxy_pipeline.py,targetALS,04_autoencoder_latents,,,targetALS/proxy_recon/super_selection/claude/step3_4_fused_proxy_pipeline.py,,STEP 3+4 FUSED: ROI Extraction + Proxy Reconstruction with Percentile Optimization
targetALS/04_autoencoder_latents/step3_targeted_rois/v0_step3_targeted_rois.py,targetALS,04_autoencoder_latents,step3_targeted_rois,v0,targetALS/proxy_recon/super_selection/step3_targeted_rois.py,,STEP 3 (TARGETED): Pixel Attribution & ROI Extraction
targetALS/04_autoencoder_latents/step3_targeted_rois/v2_step3_targeted_rois_v2.py,targetALS,04_autoencoder_latents,step3_targeted_rois,v2,targetALS/proxy_recon/super_selection/claude/step3_targeted_rois_v2.py,,STEP 3 v2 (TARGETED): Pixel Attribution & ROI Extraction
targetALS/04_autoencoder_latents/step4_final_proxy_v2.py,targetALS,04_autoencoder_latents,,,targetALS/proxy_recon/super_selection/claude/step4_final_proxy_v2.py,,STEP 4 v2 (FINAL): Targeted Two-Stage Proxy Reconstruction
targetALS/04_autoencoder_latents/step4_final_top5_proxy.py,targetALS,04_autoencoder_latents,,,targetALS/proxy_recon/super_selection/step4_final_top5_proxy.py,,STEP 4 (FINAL - CORRECTED): Targeted Two-Stage Proxy Reconstruction (Top 5 Features)
targetALS/04_autoencoder_latents/triangulation2_ae.py,targetALS,04_autoencoder_latents,,,targetALS/exp5/tech_controls/analysis/triangulation2_ae.py,,Where does the conv-AE disease signal live?
targetALS/04_autoencoder_latents/triangulation_disease.py,targetALS,04_autoencoder_latents,,,targetALS/exp5/tech_controls/analysis/triangulation_disease.py,,Triangulation: is the ALS-vs-CTRL signal carried by the DRIFT relative-movement
targetALS/05_feature_selection_importance/analyze_importance_at_chiralities.py,targetALS,05_feature_selection_importance,,,targetALS/proxy_recon/analyze_importance_at_chiralities.py,,Analyze importance maps at chirality positions vs neighboring regions.
targetALS/05_feature_selection_importance/chirality_descriptor_extraction.py,targetALS,05_feature_selection_importance,,,targetALS/exp5/physical_descriptors/chirality_descriptor_extraction.py,,chirality_descriptor_extraction.py
targetALS/05_feature_selection_importance/chirality_dim35_convergence.py,targetALS,05_feature_selection_importance,,,targetALS/PLS/dim35_saliency_results/chirality_dim35_convergence.py,,Chirality–Latent Dim35 Convergence Analysis
targetALS/05_feature_selection_importance/chirality_importance_test.py,targetALS,05_feature_selection_importance,,,targetALS/proxy_recon/chirality_importance_test.py,,Test whether chirality positions have significantly higher importance scores
targetALS/05_feature_selection_importance/chirality_interpolated_extraction/chirality_interpolated_extraction.py,targetALS,05_feature_selection_importance,chirality_interpolated_extraction,,targetALS/exp5/physical_descriptors/chirality_interpolated_extraction.py,,chirality_interpolated_extraction.py
targetALS/05_feature_selection_importance/chirality_interpolated_extraction/chirality_interpolated_extraction_o.py,targetALS,05_feature_selection_importance,chirality_interpolated_extraction,,targetALS/exp5/physical_descriptors/chirality_interpolated_extraction_o.py,,chirality_interpolated_extraction.py
targetALS/05_feature_selection_importance/chirality_interpolated_extraction/chirality_interpolated_extraction_oo.py,targetALS,05_feature_selection_importance,chirality_interpolated_extraction,,targetALS/exp5/physical_descriptors/chirality_interpolated_extraction_oo.py,,chirality_interpolated_extraction.py
targetALS/05_feature_selection_importance/chirality_roi_fusion.py,targetALS,05_feature_selection_importance,,,targetALS/exp5/physical_descriptors/chirality_roi_fusion.py,,chirality_roi_fusion.py
targetALS/05_feature_selection_importance/dim35_chirality_saliency.py,targetALS,05_feature_selection_importance,,,targetALS/PLS/dim35_chirality_saliency.py,,dim35-Specific Gradient Saliency at Chirality Positions
targetALS/05_feature_selection_importance/recursive_loocv_feature_selection/recursive_loocv_feature_selection.py,targetALS,05_feature_selection_importance,recursive_loocv_feature_selection,,targetALS/exp5/physical_descriptors/recursive_loocv_feature_selection.py,,recursive_loocv_feature_selection.py
targetALS/05_feature_selection_importance/recursive_loocv_feature_selection/recursive_loocv_feature_selection_corrected.py,targetALS,05_feature_selection_importance,recursive_loocv_feature_selection,,targetALS/exp5/physical_descriptors/recursive_loocv_feature_selection_corrected.py,,recursive_loocv_feature_selection_corrected.py
targetALS/05_feature_selection_importance/redundancy_check.py,targetALS,05_feature_selection_importance,,,targetALS/exp5/multiplexing_results/redundancy_check.py,,Choose which extracted feature you want to use:
targetALS/05_feature_selection_importance/step_opt_latent_selection_auc/v0_step_opt_latent_selection_auc.py,targetALS,05_feature_selection_importance,step_opt_latent_selection_auc,v0,targetALS/proxy_recon/super_selection/step_opt_latent_selection_auc.py,,STEP OPT: Optimal Latent Selection (AUC Ranking + MI Redundancy)
targetALS/05_feature_selection_importance/step_opt_latent_selection_auc/v2_step_opt_latent_selection_auc_v2.py,targetALS,05_feature_selection_importance,step_opt_latent_selection_auc,v2,targetALS/proxy_recon/super_selection/claude/step_opt_latent_selection_auc_v2.py,,STEP OPT v2: Optimal Latent Selection (Leak-Free AUC + Spearman Redundancy + Binomial Power)
targetALS/05_feature_selection_importance/step_opt_latent_selection_auc/v3_step_opt_latent_selection_auc_v3.py,targetALS,05_feature_selection_importance,step_opt_latent_selection_auc,v3,targetALS/proxy_recon/super_selection/claude/step_opt_latent_selection_auc_v3.py,,STEP OPT v3: Optimal Latent Selection (Leak-Free AUC + AUC-Monotonicity Stop)
targetALS/05_feature_selection_importance/step_opt_latent_selection_auc/v3_step_opt_latent_selection_auc_v3_strict.py,targetALS,05_feature_selection_importance,step_opt_latent_selection_auc,v3,targetALS/proxy_recon/super_selection/decoder/step_opt_latent_selection_auc_v3_strict.py,,STEP OPT v3 (CORRECTED): Optimal Latent Selection (Strict Nested Leak-Free AUC)
targetALS/05_feature_selection_importance/timepoint_ensemble_discriminative_importance.py,targetALS,05_feature_selection_importance,,,targetALS/exp5/timepoint_ensemble_discriminative_importance.py,,timepoint_ensemble_discriminative_importance.py
targetALS/05_feature_selection_importance/timepoint_importance_pretrained.py,targetALS,05_feature_selection_importance,,,targetALS/exp5/timepoint_importance_pretrained.py,,TIMEPOINT-SPECIFIC FEATURE IMPORTANCE PIPELINE (Using Pre-trained Models)
targetALS/05_feature_selection_importance/timepoint_importance_recon_filtered.py,targetALS,05_feature_selection_importance,,,targetALS/exp5/timepoint_importance_recon_filtered.py,,TIMEPOINT-SPECIFIC FEATURE IMPORTANCE PIPELINE (Pre-trained Models)
targetALS/06_classification/age_matched_retrain.py,targetALS,06_classification,,,targetALS/exp5/age_matched_retrain.py,,AGE-MATCHED RETRAIN  -- the rigorous age-leakage test.
targetALS/06_classification/calibrate_threshold.py,targetALS,06_classification,,,targetALS/exp5/calibrate_threshold.py,targetALS/exp7/1/calibrate_threshold.py,--- LOAD YOUR RESULTS ---
targetALS/06_classification/chirality_classification_pipeline/v0_chirality_classification_pipeline.py,targetALS,06_classification,chirality_classification_pipeline,v0,targetALS/exp5/physical_descriptors/chirality_classification_pipeline.py,,Chirality Descriptor Classification Pipeline
targetALS/06_classification/chirality_classification_pipeline/v1_chirality_classification_pipeline_v1_fixed.py,targetALS,06_classification,chirality_classification_pipeline,v1,targetALS/exp5/physical_descriptors/chirality_classification_pipeline_v1_fixed.py,,Chirality Descriptor Classification Pipeline
targetALS/06_classification/chirality_classification_pipeline/v2_chirality_classification_pipeline_v2.py,targetALS,06_classification,chirality_classification_pipeline,v2,targetALS/exp5/physical_descriptors/chirality_classification_pipeline_v2.py,,Chirality Descriptor Classification Pipeline — V2 (Improved)
targetALS/06_classification/chirality_classification_pipeline/v2_chirality_classification_pipeline_v2_nodeltas.py,targetALS,06_classification,chirality_classification_pipeline,v2,targetALS/exp5/physical_descriptors/chirality_classification_pipeline_v2_nodeltas.py,,Chirality Descriptor Classification Pipeline — V2 (Improved)
targetALS/06_classification/chirality_classification_pipeline/v3_chirality_classification_pipeline_v3_enet.py,targetALS,06_classification,chirality_classification_pipeline,v3,targetALS/exp5/physical_descriptors/chirality_classification_pipeline_v3_enet.py,,Chirality Descriptor Classification Pipeline — V3 (Elastic Net Selection)
targetALS/06_classification/deploy_biomarker_v12_exact.py,targetALS,06_classification,,,targetALS/exp5/deploy_biomarker_v12_exact.py,,
targetALS/06_classification/eval_5fold_metrics.py,targetALS,06_classification,,,targetALS/exp5/eval_5fold_metrics.py,,Evaluate the saved 5-fold autoencoder+classifier models in 5_fold_models_original/
targetALS/06_classification/plsda_baseline.py,targetALS,06_classification,,,targetALS/exp5/plsda_baseline/plsda_baseline.py,,"PLS-DA (and companion linear chemometric) baselines for ALS-vs-CTRL from EEM,"
targetALS/06_classification/predict_exp7_with_exp5_models_v7_lazy_init.py,targetALS,06_classification,,,targetALS/exp7/3/predict_exp7_with_exp5_models_v7_lazy_init.py,,predict_exp7_with_exp5_models_v7_lazy_init.py
targetALS/06_classification/predict_exp7_with_exp5_models_v7b_posindex_autoflip.py,targetALS,06_classification,,,targetALS/exp7/3/predict_exp7_with_exp5_models_v7b_posindex_autoflip.py,,predict_exp7_with_exp5_models_v7b_posindex_autoflip.py
targetALS/06_classification/rerun_faithful/rerun_faithful.py,targetALS,06_classification,rerun_faithful,,targetALS/exp5/rerun_faithful.py,,Faithful re-run of the ORIGINAL training procedure that produced
targetALS/06_classification/rerun_faithful/rerun_faithful_noC9.py,targetALS,06_classification,rerun_faithful,,targetALS/exp5/rerun_faithful_noC9.py,,"NO-C9 variant: identical faithful re-run of the ORIGINAL training procedure,"
targetALS/06_classification/rerun_faithful/rerun_faithful_noC9_matched.py,targetALS,06_classification,rerun_faithful,,targetALS/exp5/rerun_faithful_noC9_matched.py,,MATCHED-FOLD no-C9 variant. Isolates the effect of EXCLUDING the two C9orf72
targetALS/06_classification/rerun_train_5fold.py,targetALS,06_classification,,,targetALS/exp5/rerun_train_5fold.py,,Part 2 — Controlled re-run of the 5-fold autoencoder+classifier training.
targetALS/06_classification/roi_classification_pipeline.py,targetALS,06_classification,,,targetALS/exp5/importance_results/roi_classification_pipeline.py,,ROI-BASED CLASSIFICATION PIPELINE
targetALS/06_classification/score_new_samples_with_svm_params.py,targetALS,06_classification,,,targetALS/exp7/score_new_samples_with_svm_params.py,,Score new samples using exported linear SVM parameters (weights/intercept + thresholds).
targetALS/06_classification/train_linear_svm_on_proxy_logo_ALS_CTRL_with_jpegs.py,targetALS,06_classification,,,targetALS/exp7/train_linear_svm_on_proxy_logo_ALS_CTRL_with_jpegs.py,,LOOCV Linear SVM (LinearSVC) on proxy latents (proxy_latents.csv) with:
targetALS/06_classification/umap_rf.py,targetALS,06_classification,,,targetALS/exp5/physical_descriptors/umap_rf.py,,
targetALS/07_regression/ALSFRS_Score_Analysis/v0_ALSFRS_Score_Analysis.py,targetALS,07_regression,ALSFRS_Score_Analysis,v0,targetALS/PLS/ALSFRS_Score_Analysis.py,,1. LOAD DATA
targetALS/07_regression/ALSFRS_Score_Analysis/v0_ALSFRS_Score_Analysis_reg.py,targetALS,07_regression,ALSFRS_Score_Analysis,v0,targetALS/PLS/ALSFRS_Score_Analysis_reg.py,,1. LOAD DATA
targetALS/07_regression/ALSFRS_Score_Analysis/v2_ALSFRS_Score_Analysis2.py,targetALS,07_regression,ALSFRS_Score_Analysis,v2,targetALS/PLS/ALSFRS_Score_Analysis2.py,,1. LOAD DATA
targetALS/07_regression/ALSFRS_Score_Analysis/v3_ALSFRS_Score_Analysis3.py,targetALS,07_regression,ALSFRS_Score_Analysis,v3,targetALS/PLS/ALSFRS_Score_Analysis3.py,,1. LOAD DATA
targetALS/07_regression/ALSFRS_Score_Analysis2_fdr.py,targetALS,07_regression,,,targetALS/PLS/ALSFRS_Score_Analysis2_fdr.py,,1. LOAD DATA
targetALS/07_regression/ALSFRS_Slope_Analysis/v0_ALSFRS_Slope_Analysis.py,targetALS,07_regression,ALSFRS_Slope_Analysis,v0,targetALS/PLS/ALSFRS_Slope_Analysis.py,,1. LOAD DATA
targetALS/07_regression/ALSFRS_Slope_Analysis/v3_ALSFRS_Slope_Analysis3.py,targetALS,07_regression,ALSFRS_Slope_Analysis,v3,targetALS/PLS/ALSFRS_Slope_Analysis3.py,,1. LOAD DATA
targetALS/07_regression/PLS/PLS.py,targetALS,07_regression,PLS,,targetALS/PLS/PLS.py,,1. LOAD DATA
targetALS/07_regression/PLS/PLS_abs_pred.py,targetALS,07_regression,PLS,,targetALS/PLS/PLS_abs_pred.py,,1. LOAD DATA
targetALS/07_regression/PLS/PLS_ca.py,targetALS,07_regression,PLS,,targetALS/PLS/PLS_ca.py,,1. LOAD DATA
targetALS/07_regression/chirality_regression.py,targetALS,07_regression,,,targetALS/exp5/progression_corr/chirality_regression.py,,ALSFRS / ALSFRS-slope Chirality Regression Pipeline (No PyTorch Required)
targetALS/07_regression/dim477_nonpair_pls_analysis.py,targetALS,07_regression,,,targetALS/PLS/pls/dim477_nonpair_pls_analysis.py,,
targetALS/07_regression/dim477_ridge_diagnose.py,targetALS,07_regression,,,targetALS/exp5/dim477_ridge_diagnose.py,,Diagnose the sharp red (ALS>CTRL) ridges in the difference surface:
targetALS/08_statistics/age_sex_confound.py,targetALS,08_statistics,,,targetALS/exp5/age_sex_confound.py,,Assess age & sex confounding on (a) the AE latent representation broadly and
targetALS/08_statistics/all_confounders.py,targetALS,08_statistics,,,targetALS/exp5/all_confounders.py,,Systematic confounder screen for the ALS-vs-CTRL corona signal.
targetALS/08_statistics/c9_alsaxis.py,targetALS,08_statistics,,,targetALS/exp5/c9_alsaxis.py,,Across ALL latent features: do the C9+ controls project toward ALS more than
targetALS/08_statistics/c9_fold3_why.py,targetALS,08_statistics,,,targetALS/exp5/c9_fold3_why.py,,WHY does fold3 (uniquely) flag C9 control 10 as ALS-like?
targetALS/08_statistics/c9_phenotype.py,targetALS,08_statistics,,,targetALS/exp5/c9_phenotype.py,,"Do the two C9orf72+ controls (codes 10, 30) show an ALS phenotype in the models?"
targetALS/08_statistics/c9_significance.py,targetALS,08_statistics,,,targetALS/exp5/c9_significance.py,,"Are the C9orf72+ controls (10, 30) significantly more ALS-like than other"
targetALS/08_statistics/chirality_descriptor_analysis.py,targetALS,08_statistics,,,targetALS/exp5/physical_descriptors/chirality_descriptor_analysis.py,,chirality_descriptor_analysis.py
targetALS/08_statistics/chirality_independence_pipeline.py,targetALS,08_statistics,,,targetALS/exp5/multiplexing_results/chirality_independence_pipeline.py,,USER SETTINGS
targetALS/08_statistics/dependance_an.py,targetALS,08_statistics,,,targetALS/exp5/multiplexing_results/dependance_an.py,,1. CONFIGURATION
targetALS/08_statistics/dim477_chirality_grouped_enrichment.py,targetALS,08_statistics,,,targetALS/PLS/dim477_chirality_grouped_enrichment.py,,
targetALS/08_statistics/dim477_nfl_misdx.py,targetALS,08_statistics,,,targetALS/exp5/dim477_nfl_misdx.py,,dim477 vs NfL — class separation & misdiagnosis check.
targetALS/08_statistics/dim477_nfl_oof_crosscheck.py,targetALS,08_statistics,,,targetALS/exp5/dim477_nfl_oof_crosscheck.py,,Cross-check: where do the exp5 CNN OOF misclassifications land in dim477-NfL space?
targetALS/08_statistics/dim477_sig_emission.py,targetALS,08_statistics,,,targetALS/exp5/dim477_sig_emission.py,,(1) Find where the ALS vs CTRL difference in the raw normalized 24h EEM is
targetALS/08_statistics/dim_chirality_nfl_bridge.py,targetALS,08_statistics,,,targetALS/PLS/dim_chirality_nfl_bridge.py,,"Bridge analysis between latent dimensions, chirality descriptors, and NFL."
targetALS/08_statistics/intensity_covariance.py,targetALS,08_statistics,,,targetALS/exp5/multiplexing_results/intensity_covariance.py,,1. CONFIGURATION
targetALS/08_statistics/interdependence_pipeline_xlsx/v0_interdependence_pipeline_xlsx.py,targetALS,08_statistics,interdependence_pipeline_xlsx,v0,targetALS/exp5/multiplexing_results/interdependence_pipeline_xlsx.py,,interdependence_pipeline_xlsx.py
targetALS/08_statistics/interdependence_pipeline_xlsx/v2_interdependence_pipeline_xlsx_v2.py,targetALS,08_statistics,interdependence_pipeline_xlsx,v2,targetALS/exp5/multiplexing_results/interdependence_pipeline_xlsx_v2.py,,interdependence_pipeline_xlsx_v2.py
targetALS/08_statistics/lmm_lr_tests/v0_lmm_lr_tests.py,targetALS,08_statistics,lmm_lr_tests,v0,targetALS/exp5/multiplexing_results/lmm_lr_tests.py,,Inputs
targetALS/08_statistics/lmm_lr_tests/v2_lmm_lr_tests2.py,targetALS,08_statistics,lmm_lr_tests,v2,targetALS/exp5/multiplexing_results/lmm_lr_tests2.py,,Inputs
targetALS/08_statistics/normality_intensity_supp.py,targetALS,08_statistics,,,targetALS/exp5/multiplexing_results/PERMANOVA/normality_intensity_supp.py,,Normality assessment of SWCNT chirality peak-intensity features.
targetALS/08_statistics/permanova_distance_sensitivity.py,targetALS,08_statistics,,,targetALS/exp5/multiplexing_results/PERMANOVA/permanova_distance_sensitivity.py,,Distance-metric sensitivity analysis for the timepoint PERMANOVA.
targetALS/08_statistics/permanova_full12_within_subject.py,targetALS,08_statistics,,,targetALS/exp5/multiplexing_results/PERMANOVA/permanova_full12_within_subject.py,,SETTINGS
targetALS/08_statistics/permanova_gaussfit_consistent.py,targetALS,08_statistics,,,targetALS/exp5/multiplexing_results/PERMANOVA/permanova_gaussfit_consistent.py,,Self-consistent PERMANOVA on the Gaussian-fit peak amplitudes + metric-robustness.
targetALS/08_statistics/permdisp_full12_within_subject.py,targetALS,08_statistics,,,targetALS/exp5/multiplexing_results/PERMANOVA/permdisp_full12_within_subject.py,,SETTINGS
targetALS/08_statistics/residual.py,targetALS,08_statistics,,,targetALS/exp5/multiplexing_results/residual.py,,
targetALS/08_statistics/rm_anova_chirality_specific.py,targetALS,08_statistics,,,targetALS/exp5/multiplexing_results/MANOVA/rm_anova_chirality_specific.py,,-------- SETTINGS --------
targetALS/08_statistics/swcns_dependence_folders.py,targetALS,08_statistics,,,targetALS/exp5/multiplexing_results/swcns_dependence_folders.py,,USER SETTINGS
targetALS/08_statistics/swcns_dependence_paired.py,targetALS,08_statistics,,,targetALS/exp5/multiplexing_results/swcns_dependence_paired.py,,USER SETTINGS
targetALS/09_dimensionality_reduction/chirality_dim_convergence/v0_chirality_dim_convergence.py,targetALS,09_dimensionality_reduction,chirality_dim_convergence,v0,targetALS/PLS/chirality_dim_convergence.py,,Chirality–Latent Dimension Convergence Analysis
targetALS/09_dimensionality_reduction/chirality_dim_convergence/v0_chirality_dim_convergence_2_adapted.py,targetALS,09_dimensionality_reduction,chirality_dim_convergence,v0,targetALS/PLS/chirality_dim_convergence_2_adapted.py,,Chirality–Latent Dimension Convergence Analysis
targetALS/09_dimensionality_reduction/chirality_dim_convergence/v2_chirality_dim_convergence_2.py,targetALS,09_dimensionality_reduction,chirality_dim_convergence,v2,targetALS/PLS/chirality_dim_convergence_2.py,,Chirality–Latent Dimension Convergence Analysis
targetALS/09_dimensionality_reduction/delta_PCA.py,targetALS,09_dimensionality_reduction,,,targetALS/exp5/multiplexing_results/delta_PCA.py,,
targetALS/09_dimensionality_reduction/dim477_region_pilot/v0_dim477_region_pilot.py,targetALS,09_dimensionality_reduction,dim477_region_pilot,v0,targetALS/exp5/dim477_region_pilot.py,,PILOT: chirality-region reduction of the 24h dim477 reconstruction map.
targetALS/09_dimensionality_reduction/dim477_region_pilot/v2_dim477_region_pilot_v2.py,targetALS,09_dimensionality_reduction,dim477_region_pilot,v2,targetALS/exp5/dim477_region_pilot_v2.py,,"PILOT v2 — region reduction of the 24h dim477 component, revised criteria."
targetALS/09_dimensionality_reduction/run_latent_clinical_corr_and_pca.py,targetALS,09_dimensionality_reduction,,,targetALS/proxy_recon/run_latent_clinical_corr_and_pca.py,,run_latent_clinical_corr_and_pca.py
targetALS/09_dimensionality_reduction/run_modelwise_union_corr_pca.py,targetALS,09_dimensionality_reduction,,,targetALS/proxy_recon/run_modelwise_union_corr_pca.py,,run_modelwise_union_corr_pca.py
targetALS/09_dimensionality_reduction/time_pca.py,targetALS,09_dimensionality_reduction,,,targetALS/exp5/multiplexing_results/time_pca.py,,
targetALS/10_qc_validation/controls_analysis.py,targetALS,10_qc_validation,,,targetALS/exp5/tech_controls/analysis/controls_analysis.py,,Technical-control analysis (A-D) for the reviewer comment:
targetALS/10_qc_validation/exp4_controls_analysis.py,targetALS,10_qc_validation,,,targetALS/exp5/tech_controls/analysis/exp4_controls_analysis.py,,exp4 technical controls (FIT_controls_ex4.xlsx) — the strongest control set:
targetALS/10_qc_validation/generate_synthetic_surrogates/generate_synthetic_surrogates__from-targetals.py,targetALS,10_qc_validation,generate_synthetic_surrogates,,targetALS/generate_synthetic_surrogates.py,,Generate synthetic surrogate samples with batch effects for spectroscopic data augmentation
targetALS/10_qc_validation/generate_synthetic_surrogates/generate_synthetic_surrogates__from-v1.py,targetALS,10_qc_validation,generate_synthetic_surrogates,,targetALS/exp7/cumulative/24h/v1/generate_synthetic_surrogates.py,targetALS/exp7/cumulative/24h/files (1)/generate_synthetic_surrogates.py,Generate synthetic surrogate samples with batch effects for spectroscopic data augmentation
targetALS/10_qc_validation/kinetics_analysis.py,targetALS,10_qc_validation,,,targetALS/exp5/tech_controls/analysis/kinetics_analysis.py,,"Dense corona-kinetics analysis (7 tp x 3 conditions x 2 CNT conc, 1 EEM each)."
targetALS/10_qc_validation/qc_ae_axis_angle.py,targetALS,10_qc_validation,,,targetALS/exp5/tech_controls/analysis/qc_ae_axis_angle.py,,How far off is the PBS->FBS axis from the CTRL->ALS axis in the conv-AE latent?
targetALS/10_qc_validation/qc_ae_controls.py,targetALS,10_qc_validation,,,targetALS/exp5/tech_controls/analysis/qc_ae_controls.py,,Tier-3 QC in the autoencoder's own feature space.
targetALS/10_qc_validation/qc_ae_globalscale.py,targetALS,10_qc_validation,,,targetALS/exp5/tech_controls/analysis/qc_ae_globalscale.py,,Does the per-image min-max normalisation hide the PBS/FBS contrast?
targetALS/10_qc_validation/qc_ae_pca_controls.py,targetALS,10_qc_validation,,,targetALS/exp5/tech_controls/analysis/qc_ae_pca_controls.py,,PCA of the conv-AE latent space computed on the TECHNICAL CONTROLS ONLY
targetALS/10_qc_validation/qc_ae_umap.py,targetALS,10_qc_validation,,,targetALS/exp5/tech_controls/analysis/qc_ae_umap.py,,"UMAP of the conv-AE latent space (z_agg), with the technical controls embedded"
targetALS/10_qc_validation/qc_apply_exp5.py,targetALS,10_qc_validation,,,targetALS/exp5/tech_controls/analysis/qc_apply_exp5.py,,Apply the PBS-anchored QC framework (qc_metrics.py) retrospectively to the exp5
targetALS/10_qc_validation/qc_metrics.py,targetALS,10_qc_validation,,,targetALS/exp5/tech_controls/analysis/qc_metrics.py,,Assay QC framework anchored on the PBS negative control.
targetALS/10_qc_validation/qc_scheme_figure.py,targetALS,10_qc_validation,,,targetALS/exp5/tech_controls/analysis/qc_scheme_figure.py,,"Schematic summary of the three-tier PBS-anchored QC framework, with the proposed"
targetALS/10_qc_validation/size_matched_control.py,targetALS,10_qc_validation,,,targetALS/exp5/size_matched_control.py,,SIZE-MATCHED CONTROL for the age-matched retrain.
targetALS/10_qc_validation/validate_multiplexing_ple.py,targetALS,10_qc_validation,,,targetALS/exp5/multiplexing_results/validate_multiplexing_ple.py,,USER SETTINGS
targetALS/13_figures/age_sex_confound_figs/v0_age_sex_confound_figs.py,targetALS,13_figures,age_sex_confound_figs,v0,targetALS/exp5/age_sex_confound_figs.py,,(a) age distribution by group
targetALS/13_figures/age_sex_confound_figs/v2_age_sex_confound_figs2.py,targetALS,13_figures,age_sex_confound_figs,v2,targetALS/exp5/age_sex_confound_figs2.py,,Two SEPARATE confounding figures:
targetALS/13_figures/c9_phenotype_fig.py,targetALS,13_figures,,,targetALS/exp5/c9_phenotype_fig.py,,latent ALS-composite percentiles (from c9_phenotype.py stdout)
targetALS/13_figures/chirality_trajectories_emm.py,targetALS,13_figures,,,targetALS/exp5/multiplexing_results/chirality_trajectories_emm.py,,Settings
targetALS/13_figures/dim477_eem_trace.py,targetALS,13_figures,,,targetALS/exp5/dim477_eem_trace.py,,Trace dim477 back to EEM features for the two dim477-misclassified controls
targetALS/13_figures/dim477_gif_only.py,targetALS,13_figures,,,targetALS/exp5/dim477_gif_only.py,,"Regenerate only the edge-cropped rotating GIF, with downsampled surfaces"
targetALS/13_figures/dim477_group_maps.py,targetALS,13_figures,,,targetALS/exp5/dim477_group_maps.py,,Group-average dim477 spectral maps: ALS vs CTRL.
targetALS/13_figures/dim477_surface_compare.py,targetALS,13_figures,,,targetALS/exp5/dim477_surface_compare.py,,3D surface comparison of the mean 24h EEM: ALS vs CTRL.
targetALS/13_figures/dim477_surface_cropped.py,targetALS,13_figures,,,targetALS/exp5/dim477_surface_cropped.py,,Edge-cropped re-render of the ALS vs CTRL 24h EEM surfaces.
targetALS/13_figures/dim477_surface_gif_drape.py,targetALS,13_figures,,,targetALS/exp5/dim477_surface_gif_drape.py,,(1) Rotating GIF of the overlaid ALS vs CTRL mean 24h EEM surfaces.
targetALS/13_figures/emm_contrasts_plot.py,targetALS,13_figures,,,targetALS/exp5/multiplexing_results/emm_contrasts_plot.py,,Settings
targetALS/13_figures/plot_existing_metrics.py,targetALS,13_figures,,,targetALS/exp5/plot_existing_metrics.py,,Part 1 — Metrics + graphs for the EXISTING saved models in 5_fold_models_original/.
targetALS/13_figures/plot_rerun_metrics.py,targetALS,13_figures,,,targetALS/exp5/plot_rerun_metrics.py,,"Part 2 plotting — graphs for the controlled re-run (model_metrics_rerun/),"
targetALS/13_figures/residual_heatmap.py,targetALS,13_figures,,,targetALS/exp5/multiplexing_results/residual_heatmap.py,,Folder containing your corr_residual_*.csv files
targetALS/13_figures/step5_visualize_top5_rois.py,targetALS,13_figures,,,targetALS/proxy_recon/super_selection/step5_visualize_top5_rois.py,,STEP 5 (CORRECTED): Visualize Top 5 ROI Masks on Mean EEM Spectrum
targetALS/13_figures/volcano_plots.py,targetALS,13_figures,,,targetALS/MS/volcano_plots.py,,Publication-quality volcano plots for the ALS vs CTRL MS experiments.
